City_ID,City,Country,Lat,Lng,Max Temp,Humidity,Cloudiness,Wind Speed,Current Description
0,Rikitea,PF,-23.1203,-134.9692,79.09,78,100,16.53,overcast clouds
1,Bluff,NZ,-46.6,168.3333,55.8,78,95,8.72,overcast clouds
2,Castro,BR,-24.7911,-50.0119,78.48,60,0,7.18,clear sky
3,Krumbach,DE,48.2418,10.3632,32.65,89,100,5.97,overcast clouds
4,Victoria,HK,22.2855,114.1577,58.24,74,13,8.99,few clouds
5,Olden,NO,61.8364,6.8064,39.94,99,100,5.7,overcast clouds
6,Ushuaia,AR,-54.8,-68.3,47.82,76,75,14.97,light rain
7,Kahului,US,20.8947,-156.47,77.85,75,20,4.0,light rain
8,Hobart,AU,-42.8794,147.3294,60.66,63,40,17.27,scattered clouds
9,Port Hawkesbury,CA,45.6169,-61.3485,27.99,69,20,12.66,few clouds
10,Khatanga,RU,71.9667,102.5,-15.65,86,100,7.85,overcast clouds
11,Faanui,PF,-16.4833,-151.75,81.09,77,82,18.16,broken clouds
12,Hilo,US,19.7297,-155.09,79.61,73,0,8.05,clear sky
13,Takoradi,GH,4.8845,-1.7554,80.94,82,0,9.13,clear sky
14,Port Alfred,ZA,-33.5906,26.891,69.19,81,100,4.0,overcast clouds
15,Arraial Do Cabo,BR,-22.9661,-42.0278,82.26,74,20,10.36,few clouds
16,Ilulissat,GL,69.2167,-51.1,30.22,74,75,8.05,broken clouds
17,Vardo,NO,70.3705,31.1107,30.18,86,20,26.46,light snow
18,Cansancao,BR,-10.6672,-39.4992,94.62,22,18,10.47,few clouds
19,Nikolskoye,RU,59.7035,30.7861,35.49,97,100,11.14,overcast clouds
20,Punta Arenas,CL,-53.15,-70.9167,53.71,37,75,31.07,light intensity shower rain
21,Scarborough,GB,54.2797,-0.4044,42.37,89,6,1.01,clear sky
22,Cockburn Town,TC,21.4612,-71.1419,77.9,72,56,18.25,broken clouds
23,Bintulu,MY,3.1667,113.0333,77.41,94,20,3.44,few clouds
24,Evensk,RU,61.95,159.2333,6.58,61,100,26.53,overcast clouds
25,Saint-Augustin,CA,51.226,-58.6502,2.39,72,5,13.62,clear sky
26,East London,ZA,-33.0153,27.9116,68.77,89,100,12.73,light rain
27,Tiksi,RU,71.6872,128.8694,-34.47,97,100,4.52,overcast clouds
28,Butaritari,KI,3.0707,172.7902,80.42,80,57,20.76,moderate rain
29,Pevek,RU,69.7008,170.3133,-18.58,76,2,2.1,clear sky
30,Kundiawa,PG,-6.0167,144.9667,62.49,97,95,2.04,overcast clouds
31,Albany,US,42.6001,-73.9662,33.22,87,100,9.91,snow
32,Road Town,VG,18.4167,-64.6167,82.49,65,40,11.5,scattered clouds
33,Cherskiy,RU,68.75,161.3,-30.75,97,65,4.41,broken clouds
34,Marawi,PH,7.9986,124.2928,65.21,93,100,2.17,heavy intensity rain
35,Phonhong,LA,18.5007,102.4166,57.4,76,9,0.85,clear sky
36,Mount Isa,AU,-20.7333,139.5,76.77,78,58,2.3,broken clouds
37,Yellowknife,CA,62.456,-114.3525,0.55,85,75,6.91,broken clouds
38,Pangody,RU,65.85,74.4859,5.07,96,100,9.22,overcast clouds
39,Alyangula,AU,-13.8483,136.4192,80.69,78,100,3.67,overcast clouds
40,Erenhot,CN,43.6475,111.9767,-0.85,82,17,7.52,few clouds
41,Portachuelo,BO,-17.35,-63.4,90.5,56,43,9.89,scattered clouds
42,Mount Gambier,AU,-37.8333,140.7667,52.05,86,1,4.63,clear sky
43,Kapaa,US,22.0752,-159.319,77.32,80,0,13.8,light rain
44,Mar Del Plata,AR,-38.0023,-57.5575,73.83,61,0,13.0,clear sky
45,Narok,KE,-1.0783,35.8601,58.62,53,4,3.51,clear sky
46,Woodward,US,36.4337,-99.3904,38.97,74,100,6.91,overcast clouds
47,Ilanskiy,RU,56.2358,96.065,-8.79,100,99,4.88,overcast clouds
48,Kenora,CA,49.8167,-94.4337,7.77,78,40,6.91,scattered clouds
49,Nantucket,US,41.2835,-70.0995,41.14,70,75,4.61,broken clouds
50,Kisangani,CD,0.5167,25.2,73.27,74,79,3.06,broken clouds
51,Ribeira Grande,PT,38.5167,-28.7,61.2,63,75,26.46,broken clouds
52,Gornopravdinsk,RU,60.05,69.9,11.08,94,100,9.26,overcast clouds
53,Bambous Virieux,MU,-20.3428,57.7575,75.22,100,75,3.44,very heavy rain
54,Te Anau,NZ,-45.4167,167.7167,58.57,63,69,2.64,broken clouds
55,Barrow,US,71.2906,-156.7887,-12.98,77,0,13.8,clear sky
56,Lashio,MM,22.9333,97.75,49.01,64,3,1.48,clear sky
57,Blagoveshchensk,RU,50.2667,127.5333,-31.59,75,0,0.0,clear sky
58,Satinka,RU,52.3792,41.6819,14.2,85,5,6.76,clear sky
59,Krivosheino,RU,57.3431,83.9261,16.5,91,100,12.53,overcast clouds
60,Atuona,PF,-9.8,-139.0333,77.88,78,70,15.5,light rain
61,Lata,PT,40.1629,-8.3327,49.82,78,0,3.78,clear sky
62,Bandarbeyla,SO,9.4942,50.8122,75.49,69,10,16.6,clear sky
63,Bilibino,RU,68.0546,166.4372,-22.23,74,62,4.74,broken clouds
64,Palmares,BR,-8.6833,-35.5917,83.48,46,8,13.42,clear sky
65,Lincoln,US,40.8,-96.667,25.29,78,100,21.85,overcast clouds
66,Metro,ID,-5.1131,105.3067,73.33,92,100,3.44,overcast clouds
67,Viransehir,TR,37.2353,39.7631,43.88,57,10,3.22,clear sky
68,Busselton,AU,-33.65,115.3333,57.69,77,0,8.99,clear sky
69,Port Lincoln,AU,-34.7333,135.8667,61.74,86,53,9.66,broken clouds
70,Souillac,MU,-20.5167,57.5167,73.78,100,75,3.44,heavy intensity rain
71,Luderitz,NA,-26.6481,15.1594,65.64,64,0,20.07,clear sky
72,Husavik,IS,66.0449,-17.3389,27.54,72,100,15.08,overcast clouds
73,Bethel,US,41.3712,-73.414,38.43,77,100,8.05,snow
74,Zabol,AF,32.25,67.25,22.8,72,5,4.61,clear sky
75,Saint-Philippe,RE,-21.3585,55.7679,76.59,91,100,12.41,light rain
76,Sampit,ID,-2.5333,112.95,73.78,99,100,1.72,overcast clouds
77,San Policarpo,PH,12.1791,125.5072,78.22,87,100,18.88,overcast clouds
78,Bathsheba,BB,13.2167,-59.5167,83.01,65,75,20.71,broken clouds
79,Cidreira,BR,-30.1811,-50.2056,79.75,79,9,12.19,clear sky
80,Denpasar,ID,-8.65,115.2167,80.26,94,40,8.05,scattered clouds
81,Hasaki,JP,35.7333,140.8333,27.0,35,5,10.78,clear sky
82,Artsyz,UA,45.9919,29.4182,36.37,67,99,5.01,overcast clouds
83,Kampene,CD,-3.6,26.6667,67.86,94,100,2.1,overcast clouds
84,Ayan,RU,56.45,138.1667,-13.05,69,40,8.99,scattered clouds
85,Mogadishu,SO,2.0371,45.3438,76.41,79,0,23.24,clear sky
86,Vaini,TO,-21.2,-175.2,82.15,73,23,11.03,few clouds
87,Los Reyes,MX,19.35,-98.9667,76.86,26,0,3.44,clear sky
88,Port Hedland,AU,-20.3167,118.5667,84.25,74,85,9.22,overcast clouds
89,Carnarvon,AU,-24.8667,113.6333,79.79,70,54,10.69,broken clouds
90,New Norfolk,AU,-42.7826,147.0587,60.3,60,100,5.01,overcast clouds
91,Hermanus,ZA,-34.4187,19.2345,63.81,68,0,11.12,clear sky
92,Jurm,AF,36.8648,70.8342,15.62,67,8,5.93,clear sky
93,Kieta,PG,-6.2167,155.6333,78.22,83,97,0.45,overcast clouds
94,Cape Town,ZA,-33.9258,18.4232,66.09,66,0,18.41,clear sky
95,Gatbo,PH,13.5833,123.3833,70.7,94,61,6.78,broken clouds
96,Avera,US,33.194,-82.5271,63.91,95,100,13.15,light rain
97,Lagoa Formosa,BR,-18.7786,-46.4075,75.4,79,92,3.02,overcast clouds
98,Nanortalik,GL,60.1432,-45.2371,34.18,97,100,13.02,light snow
99,Kavaratti,IN,10.5669,72.642,79.68,78,83,15.82,broken clouds
100,Lavrentiya,RU,65.5833,-171.0,-11.22,86,98,12.39,overcast clouds
101,Tuktoyaktuk,CA,69.4541,-133.0374,-9.4,77,75,10.36,broken clouds
102,Bridlington,GB,54.0831,-0.1919,42.89,79,6,20.13,clear sky
103,Puerto Ayora,EC,-0.7393,-90.3518,85.96,89,74,8.01,broken clouds
104,Clyde River,CA,70.4692,-68.5914,-16.37,76,100,17.27,overcast clouds
105,Longyearbyen,SJ,78.2186,15.6401,15.64,67,40,23.02,scattered clouds
106,Mataura,NZ,-46.1927,168.8643,59.02,71,83,3.15,broken clouds
107,Beyneu,KZ,45.3167,55.2,24.64,64,0,7.7,clear sky
108,Jamestown,US,42.097,-79.2353,34.02,92,100,17.27,overcast clouds
109,Grindavik,IS,63.8424,-22.4338,37.87,87,75,17.27,light rain
110,Dongsheng,CN,39.8161,109.9776,5.79,49,100,10.69,overcast clouds
111,Ponta Do Sol,PT,32.6667,-17.1,61.72,55,1,8.52,clear sky
112,Iqaluit,CA,63.7506,-68.5145,-22.27,63,20,3.44,few clouds
113,Sungaipenuh,ID,-2.0833,101.3833,62.65,83,100,1.74,light rain
114,Adrar,MR,20.5022,-10.0711,72.91,14,94,9.26,overcast clouds
115,Banda Aceh,ID,5.5577,95.3222,75.99,87,100,4.76,light rain
116,Vila Franca Do Campo,PT,37.7167,-25.4333,59.41,74,75,15.23,broken clouds
117,Pisco,PE,-13.7,-76.2167,75.25,78,0,10.36,clear sky
118,Kaitangata,NZ,-46.2817,169.8464,58.91,82,90,3.22,overcast clouds
119,Nome,US,64.5011,-165.4064,-7.53,64,0,11.5,clear sky
120,Grand Gaube,MU,-20.0064,57.6608,75.38,88,100,5.01,light rain
121,Golyshmanovo,RU,56.3979,68.3728,9.28,95,81,10.47,broken clouds
122,Bengkulu,ID,-3.8004,102.2655,75.29,87,100,5.26,overcast clouds
123,Boone,US,39.0334,-92.3335,36.45,92,100,12.71,light rain
124,Port Hardy,CA,50.6996,-127.4199,41.18,100,100,2.3,mist
125,Kodiak,US,57.79,-152.4072,33.31,93,0,5.75,clear sky
126,Mandurah,AU,-32.55,115.7,67.91,62,0,13.0,clear sky
127,Bredasdorp,ZA,-34.5322,20.0403,64.53,64,0,9.82,clear sky
128,Usinsk,RU,65.9939,57.5281,18.43,95,100,23.0,snow
129,Petropavlovsk-Kamchatskiy,RU,53.0452,158.6483,32.59,55,75,22.37,snow
130,Shirokiy,RU,49.758,129.523,-38.09,97,7,4.88,clear sky
131,Lagoa,PT,39.05,-27.9833,58.39,74,4,19.19,clear sky
132,Port Elizabeth,ZA,-33.918,25.5701,69.31,79,100,6.91,overcast clouds
133,Talnakh,RU,69.4865,88.3972,-3.8,96,100,16.33,light snow
134,Zanjan,IR,36.6736,48.4787,21.96,84,24,2.35,few clouds
135,Lompoc,US,34.6391,-120.4579,66.85,51,0,1.99,clear sky
136,Tasiilaq,GL,65.6145,-37.6368,24.96,95,100,23.38,snow
137,Kruisfontein,ZA,-34.0033,24.7314,66.88,82,0,7.45,clear sky
138,Broken Hill,AU,-31.95,141.4333,65.35,38,0,22.01,clear sky
139,Cap-Aux-Meules,CA,47.3821,-61.8597,19.45,68,75,12.66,broken clouds
140,Maniitsoq,GL,65.4167,-52.9,31.71,99,100,19.19,snow
141,Andenes,NO,69.3143,16.1194,33.78,80,75,19.57,shower snow
142,Lakes Entrance,AU,-37.8811,147.981,61.61,84,99,8.03,overcast clouds
143,Manta,EC,-0.95,-80.7333,85.78,66,75,13.8,broken clouds
144,Spoleto,IT,42.7448,12.7374,45.16,91,100,4.65,overcast clouds
145,Okhotsk,RU,59.3833,143.3,-11.74,78,100,20.96,overcast clouds
146,Batagay,RU,67.6333,134.6333,-42.14,94,100,2.01,overcast clouds
147,Tocopilla,CL,-22.092,-70.1979,73.26,76,68,6.31,broken clouds
148,Georgetown,MY,5.4112,100.3354,78.73,77,20,2.3,few clouds
149,Wanaka,NZ,-44.7,169.15,64.11,58,10,4.59,clear sky
150,Ajdabiya,LY,30.7554,20.2263,61.12,48,91,17.11,overcast clouds
151,Lufilufi,WS,-13.8745,-171.5986,85.78,77,43,13.8,light rain
152,Panorama,GR,40.5878,23.0315,44.69,72,40,8.99,light intensity drizzle
153,Hithadhoo,MV,-0.6,73.0833,81.57,74,79,12.24,broken clouds
154,Fukuchiyama,JP,35.3,135.1167,19.74,94,16,3.8,few clouds
155,Esna,EG,25.2934,32.554,60.82,26,0,6.91,clear sky
156,Qaanaaq,GL,77.484,-69.3632,0.86,64,1,6.4,clear sky
157,Namatanai,PG,-3.6667,152.4333,79.14,79,100,6.11,overcast clouds
158,Tuatapere,NZ,-46.1333,167.6833,60.35,59,67,5.84,broken clouds
159,Kalmunai,LK,7.4167,81.8167,75.16,81,99,7.63,overcast clouds
160,Chuy,UY,-33.6971,-53.4616,81.86,50,76,14.7,broken clouds
161,Saldanha,ZA,-33.0117,17.9442,62.65,78,0,21.18,clear sky
162,Merauke,ID,-8.4667,140.3333,78.49,90,100,6.58,overcast clouds
163,Saint-Pierre,RE,-21.3393,55.4781,78.48,83,75,2.3,moderate rain
164,Mailsi,PK,29.8003,72.1758,48.72,36,0,7.63,clear sky
165,Coahuayana,MX,18.7333,-103.6833,88.21,31,2,7.65,clear sky
166,Margate,GB,51.3813,1.3862,39.87,93,100,12.41,light rain
167,Thompson,CA,55.7435,-97.8558,-2.04,71,75,12.66,light snow
168,Beringovskiy,RU,63.05,179.3167,-15.9,90,5,9.89,clear sky
169,Johnstown,US,40.3267,-78.922,39.92,77,100,25.32,overcast clouds
170,Mackay,AU,-21.15,149.2,74.68,81,61,5.59,broken clouds
171,Glencoe,ZA,-28.1783,30.147,59.2,93,100,3.33,overcast clouds
172,Nishihara,JP,26.1842,127.7558,56.48,69,75,8.05,broken clouds
173,Nioki,CD,-2.7167,17.6833,73.09,80,15,1.01,few clouds
174,Willmar,US,45.1219,-95.0433,24.82,79,40,18.41,scattered clouds
175,Yulara,AU,-25.2406,130.9889,83.08,20,42,15.17,scattered clouds
176,Dikson,RU,73.5069,80.5464,0.63,93,100,21.32,light snow
177,Isangel,VU,-19.55,169.2667,82.04,78,4,7.7,clear sky
178,Hervey Bay,AU,-25.2986,152.8535,76.1,77,99,2.53,light rain
179,Ferme-Neuve,CA,46.7001,-75.4493,21.27,86,100,6.51,overcast clouds
180,Prosvet,RU,55.5703,65.0825,8.2,94,27,6.8,scattered clouds
181,Hualmay,PE,-11.0964,-77.6139,76.12,70,62,8.75,broken clouds
182,Fortuna,US,40.5982,-124.1573,56.98,72,0,0.0,clear sky
183,Tecoanapa,MX,16.5167,-98.75,83.59,50,4,10.31,clear sky
184,Baykit,RU,61.67,96.37,-30.35,100,100,0.4,overcast clouds
185,Mikhaylovka,RU,50.06,43.2379,19.71,85,6,4.16,clear sky
186,Fairbanks,US,64.8378,-147.7164,-5.4,78,40,0.0,scattered clouds
187,Salon-De-Provence,FR,43.6407,5.0954,38.84,72,0,10.36,clear sky
188,Avarua,CK,-21.2078,-159.775,82.45,78,40,10.36,light rain
189,Tabou,CI,4.423,-7.3528,79.21,84,31,5.64,scattered clouds
190,Matadi,CD,-5.8167,13.45,78.3,85,42,0.25,light rain
191,Bayonne,FR,43.3333,-1.4167,46.15,100,100,8.05,mist
192,Baykalsk,RU,51.5058,104.1469,7.05,84,97,6.69,overcast clouds
193,Torbay,CA,47.6666,-52.7314,34.57,65,40,14.97,heavy intensity rain
194,Tupiza,BO,-21.45,-65.7167,73.08,33,55,23.89,broken clouds
195,Fare,PF,-16.7,-151.0167,80.76,77,14,18.84,light rain
196,Hauterive,FR,46.0901,3.4459,34.56,98,100,3.98,overcast clouds
197,Katsuura,JP,35.1333,140.3,33.58,43,35,11.03,scattered clouds
198,Umm Lajj,SA,25.0213,37.2685,72.18,61,0,7.07,clear sky
199,Coolum Beach,AU,-26.5333,153.1,73.11,97,80,3.4,broken clouds
200,San Patricio,US,28.017,-97.5169,62.91,38,1,14.18,clear sky
201,Chistogorskiy,RU,53.9835,87.3843,16.29,94,100,9.98,light snow
202,Padang,ID,-0.9492,100.3543,75.67,82,99,4.32,overcast clouds
203,Hirara,JP,24.8,125.2833,62.96,62,100,8.63,overcast clouds
204,Asfi,MA,32.2994,-9.2372,54.19,65,3,16.4,clear sky
205,Ibra,OM,22.6906,58.5334,57.99,58,42,1.9,scattered clouds
206,Oistins,BB,13.0667,-59.5333,82.49,65,75,20.71,broken clouds
207,Port-Cartier,CA,50.0334,-66.8654,8.74,73,12,3.38,few clouds
208,Roros,NO,62.5747,11.3842,31.84,100,99,4.61,light snow
209,Prince Rupert,CA,54.3161,-130.3201,46.49,92,100,36.82,light rain
210,Upernavik,GL,72.7868,-56.1549,5.27,94,100,10.89,overcast clouds
211,Gara,HU,46.0319,19.0428,35.26,77,36,5.12,scattered clouds
212,Norman Wells,CA,65.282,-126.8329,-7.56,84,100,0.0,overcast clouds
213,Bilma,NE,18.6853,12.9164,74.23,11,4,5.66,clear sky
214,Batemans Bay,AU,-35.7167,150.1833,67.1,78,9,4.05,clear sky
215,Sid,RS,45.1283,19.2264,36.68,77,33,6.8,scattered clouds
216,Westport,US,41.1415,-73.3579,40.82,81,100,12.66,moderate rain
217,Gambela,ET,8.25,34.5833,87.57,28,53,2.17,broken clouds
218,Kangaatsiaq,GL,68.3065,-53.4641,18.36,88,100,4.59,overcast clouds
219,Kudahuvadhoo,MV,2.6708,72.8944,79.45,76,100,4.94,overcast clouds
220,Haines Junction,CA,60.7522,-137.5108,35.94,99,100,6.15,moderate rain
221,Taonan,CN,45.3333,122.7833,-7.6,75,0,8.08,clear sky
222,Makakilo City,US,21.3469,-158.0858,74.44,75,0,6.91,clear sky
223,Guerrero Negro,MX,27.9769,-114.0611,65.28,22,70,5.59,broken clouds
224,Uruguaiana,BR,-29.7547,-57.0883,85.93,51,100,21.85,light rain
225,Tala,EG,30.6803,30.9429,50.76,88,0,6.2,clear sky
226,Presidencia Roque Saenz Pena,AR,-26.7852,-60.4388,77.76,74,100,13.27,moderate rain
227,Coquimbo,CL,-29.9533,-71.3436,69.53,68,20,13.8,few clouds
228,Henties Bay,NA,-22.116,14.2845,64.92,80,57,5.61,broken clouds
229,Zyryanka,RU,65.75,150.85,-35.25,100,100,2.68,overcast clouds
230,Inuvik,CA,68.3499,-133.7218,-4.94,77,100,3.44,light snow
231,Conceicao Da Barra,BR,-18.5933,-39.7322,77.81,92,100,4.94,overcast clouds
232,Vanavara,RU,60.34,102.2797,-19.26,99,100,3.89,overcast clouds
233,Saint George,US,37.1041,-113.5841,49.42,40,0,4.0,clear sky
234,Pacifica,US,37.6138,-122.4869,64.08,43,0,7.0,clear sky
235,Hobyo,SO,5.3505,48.5268,76.37,69,0,19.55,clear sky
236,Porto Velho,BR,-8.7619,-63.9039,77.05,88,75,3.44,moderate rain
237,Chokurdakh,RU,70.6333,147.9167,-29.15,100,46,2.24,scattered clouds
238,Pitimbu,BR,-7.4706,-34.8086,84.79,68,0,10.36,clear sky
239,Touros,BR,-5.1989,-35.4608,81.05,67,0,15.88,clear sky
240,Hami,CN,42.8,93.45,12.61,38,0,4.47,clear sky
241,Yar-Sale,RU,66.8333,70.8333,0.7,92,14,8.93,few clouds
242,Portland,US,45.5234,-122.6762,46.83,88,100,3.44,overcast clouds
243,Ismailia,EG,30.6043,32.2723,57.94,70,0,6.22,clear sky
244,Caravelas,BR,-17.7125,-39.2481,79.66,81,97,9.55,light rain
245,Mersing,MY,2.4312,103.8405,76.91,88,20,12.66,light rain
246,Vao,NC,-22.6667,167.4833,80.04,83,1,8.46,clear sky
247,Mozelos,PT,41.8677,-8.3978,47.88,81,0,5.28,clear sky
248,Huilong,CN,31.8111,121.655,28.92,76,47,5.3,scattered clouds
249,Santa Maria,BR,-29.6842,-53.8069,88.9,48,40,8.05,scattered clouds
250,Price,US,39.5994,-110.8107,33.12,43,0,13.8,clear sky
251,Lourdes,FR,43.1,-0.05,35.51,87,100,4.61,overcast clouds
252,Marakkanam,IN,12.2,79.95,73.06,73,56,6.89,broken clouds
253,Dunedin,NZ,-45.8742,170.5036,63.81,78,49,1.99,scattered clouds
254,Fatsa,TR,41.0278,37.5014,44.4,81,100,1.54,overcast clouds
255,Hovd,MN,48.0056,91.6419,-5.21,72,5,6.2,clear sky
256,Astana,KZ,51.1801,71.446,-5.85,84,0,8.95,clear sky
257,Airai,TL,-8.9266,125.4092,59.31,91,97,3.02,overcast clouds
258,Kavieng,PG,-2.5744,150.7967,81.0,75,100,7.23,overcast clouds
259,Gat,IL,31.61,34.7642,58.41,76,0,4.21,clear sky
260,Meshchovsk,RU,54.3244,35.2808,25.29,93,59,7.92,broken clouds
261,Taltal,CL,-25.4,-70.4833,72.93,73,23,6.58,few clouds
262,Laguna,US,38.421,-121.4238,61.02,65,0,8.05,haze
263,Kirakira,SB,-10.4544,161.9205,80.4,83,98,6.2,overcast clouds
264,Salinopolis,BR,-0.6136,-47.3561,77.88,85,100,8.7,overcast clouds
265,Balud,PH,10.1476,123.6953,78.76,85,86,7.4,moderate rain
266,Port Keats,AU,-14.25,129.55,75.88,94,100,4.92,overcast clouds
267,Fort Nelson,CA,58.8053,-122.7002,26.19,86,100,2.3,overcast clouds
268,Korla,CN,41.7597,86.1469,14.54,59,2,6.33,clear sky
269,Abu Samrah,SY,35.3029,37.1841,49.62,66,5,5.57,clear sky
270,Srednekolymsk,RU,67.45,153.6833,-34.51,99,78,3.13,broken clouds
271,Samarai,PG,-10.6167,150.6667,79.95,83,100,8.39,overcast clouds
272,Acapulco,MX,16.8634,-99.8901,84.02,58,0,8.05,clear sky
273,Klaksvik,FO,62.2266,-6.589,40.12,78,100,24.56,light rain
274,Rundu,NA,-17.9333,19.7667,68.0,83,39,5.3,scattered clouds
275,Pacific Grove,US,36.6177,-121.9166,65.39,45,0,11.99,clear sky
276,Saryozek,KZ,44.3583,77.9753,1.89,83,3,4.29,clear sky
277,Manutuke,NZ,-38.6833,177.9167,63.07,70,9,4.54,clear sky
278,Barreirinha,BR,-2.7933,-57.07,80.76,70,100,3.62,overcast clouds
279,Naze,JP,28.3667,129.4833,45.52,68,76,5.37,broken clouds
280,Kloulklubed,PW,7.0419,134.2556,77.5,79,100,15.97,overcast clouds
281,Srandakan,ID,-7.9386,110.2506,77.04,87,100,10.49,overcast clouds
282,Bondo,CD,3.8146,23.6866,76.62,38,25,0.94,scattered clouds
283,Madang,PG,-5.2246,145.7966,74.88,95,100,4.43,overcast clouds
284,Hanmer Springs,NZ,-42.5167,172.8167,66.16,56,76,4.56,broken clouds
285,Bouza,NE,14.4229,6.0428,76.39,10,3,7.0,clear sky
286,Mabaruma,GY,8.2,-59.7833,80.78,67,21,7.29,few clouds
287,Dali,CN,25.7,100.1833,43.25,57,12,5.93,few clouds
288,Inta,RU,66.0317,60.1659,18.23,92,100,20.42,light snow
289,Zhigansk,RU,66.7697,123.3711,-41.44,94,100,6.13,overcast clouds
290,Phibun Mangsahan,TH,15.2447,105.2291,60.78,81,78,4.65,broken clouds
291,Yauya,PE,-8.9833,-77.3,60.93,51,99,7.16,light rain
292,Praia Da Vitoria,PT,38.7333,-27.0667,59.25,77,75,18.48,broken clouds
293,San Quintin,MX,30.4833,-115.95,62.85,31,80,5.73,broken clouds
294,Skibbereen,IE,51.55,-9.2667,46.11,82,100,10.83,overcast clouds
295,La Ronge,CA,55.1001,-105.2842,16.05,79,100,5.75,light snow
296,Santa Helena,BR,-2.2311,-45.3,77.74,83,100,2.77,overcast clouds
297,Vengerovo,RU,55.6848,76.7471,13.86,92,100,14.41,overcast clouds
298,Ahipara,NZ,-35.1667,173.1667,68.31,72,95,12.39,overcast clouds
299,Khasan,RU,42.4308,130.6434,5.18,75,55,5.66,broken clouds
300,Mount Pleasant,US,32.7941,-79.8626,73.54,90,100,14.97,mist
301,Semporna,MY,4.4818,118.6112,77.49,86,100,5.82,light rain
302,Provideniya,RU,64.3833,-173.3,-7.78,98,100,4.34,light snow
303,Concepcion,CL,-36.827,-73.0498,67.8,45,0,18.41,clear sky
304,Kaeo,NZ,-35.1,173.7833,67.84,76,86,14.07,overcast clouds
305,Newport,GB,51.5877,-2.9984,46.51,89,51,8.55,broken clouds
306,Natal,BR,-5.795,-35.2094,84.85,58,20,14.97,few clouds
307,Avanigadda,IN,16.0215,80.9181,66.25,86,4,2.3,clear sky
308,Thinadhoo,MV,0.5333,72.9333,80.87,74,97,10.8,overcast clouds
309,Vostok,RU,46.4856,135.8833,-27.54,99,90,3.67,overcast clouds
310,Ojinaga,MX,29.5667,-104.4167,58.57,30,0,10.36,clear sky
311,Vila,PT,42.0304,-8.1588,38.28,76,0,4.32,clear sky
312,Kadaya,RU,50.9327,119.2911,-39.95,98,100,0.27,overcast clouds
313,Sao Joao Da Barra,BR,-21.6403,-41.0511,82.49,84,67,12.37,broken clouds
314,Panuco,MX,22.05,-98.1667,69.87,29,85,5.66,overcast clouds
315,Jizan,SA,17.3333,42.6667,76.14,67,1,3.42,clear sky
316,Severo-Kurilsk,RU,50.6789,156.125,24.03,79,100,10.76,overcast clouds
317,Kathu,TH,7.9178,98.3332,82.69,99,100,15.48,overcast clouds
318,Roald,NO,62.5833,6.1333,43.32,87,40,11.5,scattered clouds
319,Gimli,CA,50.6336,-96.9907,3.22,72,21,3.44,few clouds
320,Almaznyy,RU,48.0448,40.045,26.15,53,0,9.71,clear sky
321,Lebu,CL,-37.6167,-73.65,62.49,63,0,13.35,clear sky
322,Talcahuano,CL,-36.7167,-73.1167,67.68,45,0,18.41,clear sky
323,Shelburne,CA,44.0787,-80.2041,29.23,95,100,15.52,snow
324,Khanu Woralaksaburi,TH,16.0617,99.8606,66.72,53,9,5.75,clear sky
325,Nouadhibou,MR,20.931,-17.0347,71.58,60,71,9.22,broken clouds
326,Sao Filipe,CV,14.8961,-24.4956,71.22,68,100,4.29,overcast clouds
327,Kovur,IN,14.4833,79.9833,69.8,79,10,2.39,clear sky
328,Labuhan,ID,-6.8844,112.2051,76.86,86,100,11.14,moderate rain
329,Visnes,NO,59.3556,5.2242,43.83,87,40,12.66,scattered clouds
330,Lundazi,ZM,-12.2929,33.1782,66.02,95,100,3.4,light rain
331,Jishou,CN,28.3167,109.7167,35.8,52,0,1.79,clear sky
332,Friesoythe,DE,53.0167,7.85,29.93,92,34,6.73,scattered clouds
333,Varna,BG,43.2167,27.9167,35.74,92,100,9.22,overcast clouds
334,Lasa,IT,46.6166,10.7002,36.48,60,29,3.87,scattered clouds
335,Subtanjalla,PE,-14.0189,-75.7581,85.05,43,32,17.09,scattered clouds
336,Jacqueville,CI,5.2052,-4.4146,80.44,86,7,11.41,clear sky
337,Jiuquan,CN,39.7432,98.5174,8.58,74,100,3.91,overcast clouds
338,Mporokoso,ZM,-9.3727,30.125,61.41,98,100,3.65,overcast clouds
339,College,US,64.8569,-147.8028,-5.42,77,75,0.0,broken clouds
340,Palmer,US,42.1584,-72.3287,36.95,69,100,4.61,light snow
341,Seljord,NO,59.4894,8.634,34.9,94,99,5.99,overcast clouds
342,Charlestown,AU,-32.95,151.6667,69.73,96,1,3.78,light rain
343,Tongchuan,CN,35.0806,109.0897,27.55,18,99,6.08,overcast clouds
344,Jandaia Do Sul,BR,-23.6031,-51.6433,83.05,58,48,3.76,scattered clouds
345,Kholtoson,RU,50.2981,103.3097,-16.8,96,31,3.94,scattered clouds
346,Port Blair,IN,11.6667,92.75,80.64,78,75,4.61,mist
347,Amapa,BR,1.0,-52.0,75.67,95,99,3.89,overcast clouds
348,Nieuw Amsterdam,SR,5.8833,-55.0833,88.14,60,20,9.22,few clouds
349,Martapura,ID,-3.4167,114.85,75.29,100,100,3.44,light rain
350,Balabac,PH,7.9868,117.0645,79.7,81,100,17.02,overcast clouds
351,Chandler,US,33.3062,-111.8412,59.05,46,0,1.99,clear sky
352,Kaolinovo,BG,43.6167,27.1167,31.39,89,99,5.79,overcast clouds
353,Necochea,AR,-38.5473,-58.7368,72.64,38,28,18.19,scattered clouds
354,Mecca,SA,21.4267,39.8261,71.67,66,69,3.51,broken clouds
355,Ballina,AU,-28.8667,153.5667,67.01,99,9,4.92,clear sky
356,Qasigiannguit,GL,68.8193,-51.1922,30.45,89,97,7.23,overcast clouds
357,Peru,US,40.7537,-86.0689,34.61,96,100,13.8,light snow
358,Mizque,BO,-17.941,-65.3402,78.46,46,77,13.13,broken clouds
359,Abu Zabad,SD,12.35,29.25,73.53,16,94,11.32,overcast clouds
360,Pastavy,BY,55.1168,26.8326,30.47,91,100,9.42,overcast clouds
361,Labytnangi,RU,66.6572,66.4183,7.2,93,100,6.13,overcast clouds
362,Cabo San Lucas,MX,22.8909,-109.9124,74.61,54,98,3.0,overcast clouds
363,Najran,SA,17.4924,44.1277,68.65,48,1,4.43,clear sky
364,Sola,VU,-13.8833,167.55,82.53,78,43,17.25,scattered clouds
365,Shache,CN,38.4167,77.2406,8.96,95,74,3.02,broken clouds
366,Tungor,RU,53.3808,142.9564,-0.89,93,100,24.27,overcast clouds
367,Changping,CN,40.2186,116.2197,11.84,30,15,7.65,few clouds
368,Jiazi,CN,22.8779,116.067,53.8,69,100,12.21,overcast clouds
369,Koster,ZA,-25.863,26.8976,72.72,39,94,14.43,overcast clouds
370,Abalak,RU,58.1286,68.5944,10.6,96,100,8.34,overcast clouds
371,Eyl,SO,7.9803,49.8164,74.28,70,8,17.11,clear sky
372,Maler Kotla,IN,30.5167,75.8833,49.77,94,0,5.32,clear sky
373,Shakhtinsk,KZ,49.71,72.5872,-1.68,93,54,8.12,broken clouds
374,Vila Velha,BR,-20.3297,-40.2925,75.15,97,100,2.3,mist
375,Aksarayskiy,RU,46.7924,48.0119,24.31,63,1,6.46,clear sky
376,Mandalgovi,MN,45.7625,106.2708,-5.73,79,89,7.34,overcast clouds
377,Nalut,LY,30.3333,10.85,48.7,38,2,8.61,clear sky
378,Challapata,BO,-18.9,-66.7667,65.17,28,97,11.79,overcast clouds
379,Nizwa,OM,22.9333,57.5333,59.27,58,82,8.3,broken clouds
380,Zemio,CF,5.0314,25.1361,77.22,31,93,3.06,overcast clouds
381,Esperance,AU,-33.8667,121.9,64.22,85,78,10.69,broken clouds
382,Chimbarongo,CL,-34.7,-71.05,83.28,19,0,12.95,clear sky
383,Novoagansk,RU,61.9449,76.6625,14.47,93,100,16.55,light snow
384,Bonthe,SL,7.5264,-12.505,78.31,85,75,9.62,broken clouds
385,Pokrovsk,UA,48.282,37.1758,27.55,49,0,6.55,clear sky
386,Vynohradove,UA,46.3696,32.9398,30.33,80,4,5.73,clear sky
387,Homer,US,59.6425,-151.5483,37.8,95,75,0.0,broken clouds
388,Mishan,CN,45.55,131.8833,-21.87,97,5,4.0,clear sky
389,Morgan City,US,29.6994,-91.2068,53.01,66,20,14.97,few clouds
390,Mandali,IQ,33.7499,45.5541,53.65,52,14,1.14,few clouds
391,Aklavik,CA,68.2191,-135.0107,-4.0,77,100,11.5,light snow
392,Tipuani,BO,-15.5648,-68.0185,79.05,93,100,2.04,light rain
393,Buraydah,SA,26.326,43.975,55.85,79,82,14.9,broken clouds
394,Keuruu,FI,62.2667,24.7,37.8,98,100,9.28,overcast clouds
395,Grand-Lahou,CI,5.1367,-5.0242,79.48,86,5,9.35,clear sky
396,San Angelo,US,31.4638,-100.437,50.9,49,0,14.97,clear sky
397,Ormara,PK,25.2088,64.6357,60.51,30,0,13.24,clear sky
398,Assiniboia,CA,49.6334,-105.9845,26.42,80,100,13.8,overcast clouds
399,Nyzhnya Krynka,UA,48.1135,38.1606,28.94,43,0,8.46,clear sky
400,Xining,CN,36.6167,101.7667,16.38,24,100,0.85,overcast clouds
401,Eydhafushi,MV,5.1033,73.0708,77.27,85,100,12.06,overcast clouds
402,Vilhena,BR,-12.7406,-60.1458,79.02,73,75,17.27,thunderstorm
403,Dauriya,RU,49.9333,116.8667,-35.32,100,57,2.19,broken clouds
404,Uyemskiy,RU,64.4743,40.8524,35.65,100,100,15.66,overcast clouds
405,Kamaishi,JP,39.2667,141.8833,25.9,63,45,24.34,scattered clouds
406,Sao Felix Do Xingu,BR,-6.6447,-51.995,78.71,94,100,0.92,light rain
407,Broome,US,42.2506,-75.833,31.86,88,100,23.02,snow
408,Youkounkoun,GN,12.5333,-13.1333,86.14,19,55,3.74,broken clouds
409,Izvestkovyy,RU,48.9833,131.55,-30.68,96,9,3.83,clear sky
410,Santander,ES,43.4647,-3.8044,50.47,86,75,18.01,broken clouds
411,Sinjar,IQ,36.3209,41.8754,46.99,53,14,3.74,few clouds
412,Raudeberg,NO,61.9875,5.1352,41.67,1,100,13.58,overcast clouds
413,Los Llanos De Aridane,ES,28.6585,-17.9182,60.55,65,75,13.8,broken clouds
414,Queanbeyan,AU,-35.35,149.2333,57.36,97,3,0.0,clear sky
415,Ishcherskaya,RU,43.7153,45.1264,30.09,70,6,6.29,clear sky
416,Krasnoselkup,RU,65.7,82.4667,3.67,94,100,18.07,overcast clouds
417,Tsabong,BW,-26.0217,22.401,82.35,35,79,10.63,broken clouds
418,Sidney,AU,-33.8679,151.2073,70.9,90,0,6.91,light rain
419,Paka,MY,4.6374,103.4368,76.98,83,100,4.61,overcast clouds
420,Chernyy Yar,RU,48.0624,46.1091,17.74,87,10,4.14,clear sky
421,Conceicao Do Araguaia,BR,-8.2578,-49.2647,84.0,72,97,0.51,moderate rain
422,Jericho,PS,31.8667,35.45,62.67,62,0,4.68,clear sky
423,Shestakovo,RU,56.4915,103.96,-0.51,99,100,3.44,overcast clouds
424,San Rafael,AR,-34.6177,-68.3301,87.33,26,0,5.68,clear sky
425,Pangnirtung,CA,66.1451,-65.7125,-23.8,76,75,9.22,broken clouds
426,Narsaq,GL,60.9167,-46.05,35.82,97,100,10.49,light rain
427,Marino,IT,41.7624,12.6444,47.55,65,40,4.61,scattered clouds
428,Kingston,JM,17.997,-76.7936,88.25,60,40,24.16,scattered clouds
429,Deputatskiy,RU,69.3,139.9,-37.41,98,98,2.13,overcast clouds
430,Ogbomosho,NG,8.133,4.25,86.18,15,0,3.96,clear sky
431,Bagotville,AU,-28.9833,153.4167,66.85,99,24,4.59,few clouds
432,Omboue,GA,-1.5746,9.2618,78.89,86,9,5.39,clear sky
433,Songjianghe,CN,42.1859,127.479,1.54,95,100,4.29,overcast clouds
434,Tevriz,RU,57.509,72.4042,12.52,94,100,8.52,overcast clouds
435,Upington,ZA,-28.4478,21.2561,84.58,16,0,3.44,clear sky
436,Shakawe,BW,-18.3667,21.85,71.82,54,64,5.97,broken clouds
437,San Pedro De Macoris,DO,18.4616,-69.2972,88.41,54,8,10.33,clear sky
438,Muisne,EC,0.6,-80.0333,80.42,75,89,10.18,overcast clouds
439,Port-Gentil,GA,-0.7193,8.7815,82.36,83,40,6.91,scattered clouds
440,Mombetsu,JP,44.3525,143.3525,15.8,71,100,29.26,overcast clouds
441,Altamira,BR,-3.2033,-52.2064,86.09,66,75,5.75,broken clouds
442,Orange,US,33.7,-117.7675,72.75,39,0,3.44,clear sky
443,Labuan,MY,5.2767,115.2417,79.16,88,20,3.44,few clouds
444,Havre-Saint-Pierre,CA,50.2334,-63.5986,12.2,40,0,10.36,clear sky
445,Leningradskiy,RU,69.3833,178.4167,-21.93,92,3,6.4,clear sky
446,Hailey,US,43.5196,-114.3153,31.89,73,0,0.0,clear sky
447,Sao Gabriel Da Cachoeira,BR,-0.1303,-67.0892,89.4,55,40,8.05,scattered clouds
448,Tual,ID,-5.6667,132.75,81.39,80,100,10.8,overcast clouds
449,Tucuman,AR,-26.8241,-65.2226,77.0,73,100,5.75,overcast clouds
450,San Cristobal,VE,7.7669,-72.225,78.98,36,96,7.18,overcast clouds
451,Kolar,IN,13.1333,78.1333,63.36,97,6,6.44,clear sky
452,Huarmey,PE,-10.0681,-78.1522,75.97,71,39,9.86,scattered clouds
453,Arlit,NE,18.7369,7.3853,79.14,11,16,7.9,few clouds
454,Merke,KZ,42.8728,73.1786,15.91,78,98,3.91,overcast clouds
455,Manokwari,ID,-0.8667,134.0833,78.94,80,100,3.69,overcast clouds
456,Shizunai,JP,42.3339,142.3669,18.77,74,100,32.79,overcast clouds
457,Pochutla,MX,15.7432,-96.4661,90.82,35,5,7.45,clear sky
458,Svetlyy,RU,54.675,20.1347,28.45,86,99,8.57,overcast clouds
459,Nakhon Thai,TH,17.1006,100.8374,63.28,68,2,1.77,clear sky
460,Bosaso,SO,11.2842,49.1816,75.24,69,93,2.39,overcast clouds
461,Haskovo,BG,41.9403,25.5694,32.94,76,64,2.15,broken clouds
462,Geraldton,AU,-28.7667,114.6,66.61,82,51,9.22,broken clouds
463,Thessalon,CA,46.2501,-83.5666,30.49,93,100,8.46,light snow
464,Terrace,CA,54.5163,-128.6035,42.71,93,100,16.11,moderate rain
465,Hofn,IS,64.2539,-15.2082,35.4,63,100,6.2,overcast clouds
466,Wilmington,US,34.2257,-77.9447,68.95,80,100,16.11,overcast clouds
467,Carberry,CA,49.8689,-99.3602,10.63,91,80,7.02,broken clouds
468,Karratha,AU,-20.7377,116.8463,84.88,68,11,11.23,few clouds
469,Lichinga,MZ,-13.3128,35.2406,68.09,94,75,13.8,thunderstorm
470,Anadyr,RU,64.75,177.4833,-17.9,69,0,17.9,clear sky
471,Russell,US,32.3502,-85.1999,63.55,63,75,4.61,broken clouds
472,Beatrice,US,40.2681,-96.747,28.38,80,100,20.71,overcast clouds
473,Biak,ID,-0.9131,122.8766,76.03,82,99,4.47,moderate rain
474,Lorvao,PT,40.2594,-8.3168,49.46,78,0,3.6,clear sky
475,Salalah,OM,17.0151,54.0924,71.62,73,42,9.75,scattered clouds
476,Faya,SA,18.3851,42.4509,53.71,72,1,4.45,clear sky
477,Smithers,CA,54.7804,-127.1743,34.12,100,75,2.3,broken clouds
478,Gorontalo,ID,0.5412,123.0595,73.99,95,100,3.83,overcast clouds
479,Basco,PH,20.4487,121.9702,70.43,69,100,22.59,overcast clouds
480,Yabrud,SY,33.9674,36.6574,40.12,80,30,1.14,scattered clouds
481,Talwandi Bhai,IN,30.85,74.9333,45.99,80,0,5.23,clear sky
482,Kamenka,RU,51.3223,42.7678,16.38,83,7,6.24,clear sky
483,Changji,CN,44.0167,87.3167,-3.21,84,4,2.24,mist
484,Hambantota,LK,6.1241,81.1185,74.32,81,90,10.07,overcast clouds
485,Bow Island,CA,49.8668,-111.3684,35.78,80,100,8.05,overcast clouds
486,Nuuk,GL,64.1835,-51.7216,32.92,96,100,42.66,light snow
487,San Ignacio,BZ,17.1561,-89.0714,87.94,62,20,4.61,few clouds
488,Vestmannaeyjar,IS,63.4427,-20.2734,40.95,68,100,9.82,overcast clouds
489,Alvaraes,BR,-3.2208,-64.8042,89.47,55,52,4.41,broken clouds
490,Ust-Abakan,RU,53.8525,91.3742,13.91,67,0,11.18,clear sky
491,Constitucion,CL,-35.3333,-72.4167,66.63,55,0,19.13,clear sky
492,Venancio Aires,BR,-29.6064,-52.1919,100.27,22,35,9.26,scattered clouds
493,Nandikotkur,IN,15.8667,78.2667,65.71,71,13,8.23,few clouds
494,Pouebo,NC,-20.4,164.5667,80.19,83,9,8.57,clear sky
495,Koungou,YT,-12.7336,45.2042,82.11,83,100,20.71,light rain
496,Taoudenni,ML,22.6783,-3.9836,72.37,11,92,7.83,overcast clouds
497,Xintai,CN,35.9006,117.7519,21.0,34,50,1.74,scattered clouds
498,Wuwei,CN,37.9281,102.6414,11.35,57,79,4.52,broken clouds
499,Moron,AR,-34.6534,-58.6198,94.95,40,44,10.33,scattered clouds
500,Leshukonskoye,RU,64.8989,45.7622,34.0,98,100,14.32,light snow
501,Buin,CL,-33.7333,-70.75,90.05,26,0,13.22,clear sky
502,Saskylakh,RU,71.9167,114.0833,-30.05,99,77,8.99,broken clouds
503,Port Antonio,JM,18.18,-76.4612,89.01,79,100,12.37,overcast clouds
504,Gannan,CN,47.9147,123.5031,-24.3,98,18,2.93,few clouds
505,Tautira,PF,-17.7333,-149.15,80.31,83,40,17.38,light rain
506,Shamary,RU,57.3434,58.2199,8.4,95,99,9.93,overcast clouds
507,Tra Vinh,VN,9.9347,106.3453,73.0,81,100,4.09,overcast clouds
508,Vaitape,PF,-16.5167,-151.75,81.09,77,79,18.12,broken clouds
509,Dagami,PH,11.0608,124.9028,75.0,92,100,6.35,moderate rain
510,Kailua,US,21.4022,-157.7394,75.9,89,85,1.01,overcast clouds
511,Imbituba,BR,-28.24,-48.6703,82.76,68,0,10.42,clear sky
512,Mehamn,NO,71.0357,27.8492,35.51,80,40,21.85,light snow
513,Ostrovnoy,RU,68.0531,39.5131,23.18,95,100,11.43,overcast clouds
514,Noumea,NC,-22.2763,166.4572,82.0,99,0,2.08,clear sky
515,Ust-Kuyga,RU,70.0167,135.6,-52.42,100,100,5.84,overcast clouds
516,Pinega,RU,64.7001,43.3936,34.38,99,100,13.78,light snow
517,Ardmore,US,34.1743,-97.1436,40.24,81,100,11.5,overcast clouds
518,Komsomolskiy,UZ,40.4272,71.7189,18.32,86,100,4.61,fog
519,Wattegama,LK,6.7989,81.4808,69.67,90,74,4.25,broken clouds
520,Sarakhs,IR,36.5449,61.1577,27.82,47,0,4.56,clear sky
521,Charleston,US,32.7766,-79.9309,73.58,89,75,19.57,mist
522,Baijiantan,CN,45.6333,85.1833,-8.63,91,8,5.61,clear sky
523,Veraval,IN,20.9,70.3667,61.5,36,1,14.29,clear sky
524,Aykhal,RU,66.0,111.5,-36.47,100,92,6.38,overcast clouds
525,Goderich,CA,43.7501,-81.7165,32.92,86,100,18.41,snow
526,El Limon,VE,10.3059,-67.6321,87.12,47,100,3.74,overcast clouds
527,Parlakimidi,IN,18.7667,84.0833,64.35,66,15,2.91,few clouds
528,Gamboma,CG,-1.8764,15.8644,77.0,63,85,4.0,overcast clouds
529,Phan Thiet,VN,10.9333,108.1,71.42,75,77,4.09,broken clouds
530,Codrington,AU,-38.2667,141.9667,56.68,75,4,8.52,clear sky
531,Concordia,AR,-31.393,-58.0209,100.69,18,100,6.76,overcast clouds
532,Beaumont,US,30.0861,-94.1019,53.58,64,100,13.8,overcast clouds
533,Itarema,BR,-2.9248,-39.9167,80.08,74,66,9.42,light rain
534,Mao,ES,39.8885,4.2658,48.76,81,75,21.85,broken clouds
535,Hit,IQ,33.6416,42.8251,52.21,33,0,5.37,clear sky
536,Celestun,MX,20.8667,-90.4,79.79,74,0,13.53,clear sky
537,Palmerston,AU,-12.486,130.9833,76.98,100,100,3.44,overcast clouds
538,Khandyga,RU,62.6667,135.6,-56.9,100,82,0.87,broken clouds
539,Filingue,NE,14.3521,3.3168,82.71,11,28,7.61,scattered clouds
540,Huainan,CN,32.6264,116.9969,27.73,54,4,1.5,clear sky
541,Maragogi,BR,-9.0122,-35.2225,80.73,65,5,12.93,clear sky
542,Shieli,KZ,44.1667,66.75,24.15,76,52,6.53,broken clouds
543,Wuning,CN,29.2589,120.2311,31.33,58,0,2.24,clear sky
544,Sarmanovo,RU,55.2553,52.5891,21.88,98,98,9.33,overcast clouds
545,Gazanjyk,TM,39.2446,55.5154,31.08,49,0,6.44,clear sky
546,Valdemarpils,LV,57.3707,22.5919,34.32,92,81,12.19,broken clouds
547,Khorramshahr,IR,30.4397,48.1664,49.96,100,100,4.61,fog
548,Beloha,MG,-25.1667,45.05,75.07,82,100,20.0,overcast clouds
549,Jaguariaiva,BR,-24.2511,-49.7058,81.3,50,2,3.85,clear sky
550,Mildura,AU,-34.2,142.15,59.07,73,23,15.93,few clouds
551,Krasnyy Chikoy,RU,50.3643,108.7512,-6.03,98,100,4.83,overcast clouds
552,Debre Sina,ET,9.85,39.7667,50.54,65,7,1.3,clear sky
553,Dahra,DZ,36.2546,0.8519,42.19,81,97,8.52,light rain
554,Sioux Lookout,CA,50.1001,-91.917,5.07,78,40,5.75,scattered clouds
555,Loncoche,CL,-39.3667,-72.6333,72.54,31,12,8.95,few clouds
556,Ilebo,CD,-4.3167,20.5833,69.21,93,100,2.73,overcast clouds
557,Perelyub,RU,51.8667,50.3667,3.58,92,18,4.97,few clouds
558,Maymyo,MM,22.0333,96.4667,55.17,40,4,1.77,clear sky
559,Meadow Lake,US,34.8014,-106.5436,40.6,34,70,20.38,broken clouds
560,Blackwater,AU,-23.5833,148.8833,72.5,76,61,6.2,broken clouds
561,Hamilton,US,39.1834,-84.5333,47.19,85,100,19.57,overcast clouds
562,Geelong,AU,-38.1471,144.3607,60.71,89,100,6.91,overcast clouds
563,Peterhead,GB,57.5058,-1.7981,43.2,83,11,25.39,few clouds
564,Kitimat,CA,54.0524,-128.6534,43.18,28,100,4.56,light rain
565,Ulagan,RU,50.6321,87.9563,-13.43,92,80,2.73,broken clouds
566,Madera,US,37.1666,-119.8343,66.97,76,0,3.56,clear sky
567,Trapani,IT,37.8333,12.6667,46.27,93,40,5.75,scattered clouds
568,Osakarovka,KZ,50.565,72.5692,1.31,90,74,10.42,broken clouds
569,Kulhudhuffushi,MV,6.6221,73.07,76.17,88,100,8.68,overcast clouds
570,Ancud,CL,-41.8697,-73.8203,59.99,71,93,11.97,overcast clouds
571,Sabha,LY,27.0377,14.4283,58.55,28,0,8.84,clear sky
572,Kalianget,ID,-7.05,113.9333,78.19,85,100,10.36,moderate rain
573,Arawa,PG,-6.2132,155.5367,76.19,90,95,1.61,overcast clouds
574,Kalmar,SE,56.6616,16.3616,35.15,87,0,10.36,clear sky
575,Megion,RU,61.0296,76.1136,14.02,91,100,17.49,overcast clouds
576,Chervonohryhorivka,UA,47.623,34.5389,28.96,79,1,4.83,clear sky
577,Nguru,NG,12.8791,10.4526,78.57,9,16,8.86,few clouds
578,Katobu,ID,-4.9408,122.5276,75.42,94,100,1.86,overcast clouds
579,Hyeres,FR,43.1167,6.1167,49.68,79,0,3.44,clear sky
580,Okato,NZ,-39.2,173.8833,68.18,74,100,5.01,overcast clouds
581,West Plains,US,36.7281,-91.8524,35.1,81,100,13.8,moderate rain
582,Tadine,NC,-21.55,167.8833,80.73,82,6,6.26,clear sky
583,Vargem Grande,BR,-3.5431,-43.9158,76.48,95,100,4.0,moderate rain
584,Oktyabrskiy,RU,54.4815,53.471,3.83,99,92,6.53,overcast clouds
585,Shubarkuduk,KZ,49.1447,56.4872,3.81,97,13,2.75,few clouds
586,Santa Maria Del Oro,MX,25.9333,-105.3667,63.46,9,39,4.45,scattered clouds
587,Zaraza,VE,9.3503,-65.3245,89.73,36,96,6.73,overcast clouds
588,Aketi,CD,2.7388,23.7833,76.8,46,54,2.44,broken clouds
589,Saint Anthony,US,45.0205,-93.218,28.85,85,100,13.8,light snow
590,Plattsburgh,US,44.6995,-73.4529,31.32,80,100,4.61,snow
591,Marsabit,KE,2.3284,37.9899,72.79,36,0,10.22,clear sky
592,Bogatyr,RU,53.4298,49.9455,14.49,85,0,8.95,clear sky
593,Sambir,UA,49.5183,23.1975,30.87,87,51,6.55,broken clouds
594,Cayenne,GF,4.9333,-52.3333,82.44,61,40,10.36,scattered clouds
595,Tazovskiy,RU,67.4667,78.7,7.9,95,100,11.3,light snow
596,Malindi,KE,-3.2175,40.1191,80.76,74,40,9.22,scattered clouds
597,Finschhafen,PG,-6.6024,147.8681,76.08,91,100,4.83,overcast clouds
598,Taga,RO,46.95,24.05,32.32,66,5,2.68,clear sky
599,Chinsali,ZM,-10.5414,32.0816,63.55,95,100,4.14,overcast clouds
600,Meulaboh,ID,4.1363,96.1285,73.94,87,100,3.76,overcast clouds
601,Antalaha,MG,-14.9003,50.2788,76.08,89,100,5.73,light rain
602,Preobrazheniye,RU,42.9019,133.9064,1.6,74,1,9.95,clear sky
603,Taksimo,RU,56.3444,114.8794,-17.14,98,100,0.74,overcast clouds
604,Turukhansk,RU,65.8167,87.9833,-2.52,96,100,18.03,light snow
605,Miraflores,MX,19.2167,-98.8083,75.97,23,0,6.02,clear sky
606,Fort Walton Beach,US,30.4058,-86.6188,64.09,77,100,15.01,overcast clouds
607,Magnolia,US,33.2671,-93.2393,44.29,70,100,8.01,overcast clouds
608,Uruzgan,AF,32.8333,66.0,24.93,48,0,6.85,clear sky
609,Dillon,US,34.4166,-79.3712,66.25,93,100,19.42,moderate rain
610,Tamasane,BW,-22.4184,27.4013,75.94,36,10,12.66,clear sky
611,Manono,CD,-7.3,27.4167,66.33,95,99,3.0,overcast clouds
612,Kandra,IN,22.85,86.05,67.86,39,12,2.66,few clouds
613,Puerto Escondido,MX,15.85,-97.0667,85.3,52,6,8.05,clear sky
614,Xudat,AZ,41.631,48.681,34.97,71,3,2.57,clear sky
615,Khvalynsk,RU,52.4906,48.1058,8.96,85,3,5.57,clear sky
616,Honningsvag,NO,70.9821,25.9704,31.75,93,75,16.11,light snow
617,Ondjiva,AO,-17.0667,15.7333,75.18,62,99,4.97,overcast clouds
618,Aksu,CN,41.1231,80.2644,6.66,88,82,4.21,broken clouds
619,Tchollire,CM,8.4022,14.1698,78.8,14,71,0.78,broken clouds
620,Knysna,ZA,-34.0363,23.0471,65.7,81,0,5.99,clear sky
621,Santiago Del Estero,AR,-27.7951,-64.2615,78.53,77,95,9.93,overcast clouds
622,Akyab,MM,20.15,92.9,67.35,72,0,5.75,clear sky
623,Camacha,PT,33.0833,-16.3333,58.42,59,75,14.97,broken clouds
624,Poya,NC,-21.35,165.15,79.86,85,3,3.47,clear sky
625,Goundam,ML,16.4145,-3.6708,82.31,11,40,8.88,scattered clouds
626,Muros,ES,42.7762,-9.0603,51.1,69,3,13.96,clear sky
627,Dudinka,RU,69.4058,86.1778,-3.39,91,100,25.12,overcast clouds
628,Valparaiso,CL,-33.0393,-71.6273,75.43,72,0,14.97,clear sky
629,Gambo,CF,4.6482,22.2633,75.45,29,4,2.8,clear sky
630,Southbridge,US,42.0751,-72.0334,36.75,79,100,1.99,light snow
631,Jumla,NP,29.2747,82.1838,34.18,86,23,6.78,few clouds
632,Galle,LK,6.0367,80.217,74.73,86,100,2.68,overcast clouds
633,Panzhihua,CN,26.5851,101.7128,45.64,68,2,1.57,clear sky
634,Fornosovo,RU,59.5689,30.5544,35.26,98,100,11.12,overcast clouds
635,Mahebourg,MU,-20.4081,57.7,75.25,100,75,3.44,heavy intensity rain
636,Guiyang,CN,26.5833,106.7167,39.69,52,100,4.47,overcast clouds
637,Searcy,US,35.2506,-91.7363,43.09,70,100,13.8,overcast clouds
638,Olinda,BR,-8.0089,-34.8553,83.93,58,20,8.05,few clouds
639,Wlingi,ID,-8.0776,112.3311,71.51,96,100,1.05,light rain
640,Ordu,TR,40.9086,37.6845,33.42,89,100,0.63,overcast clouds
641,Cap Estate,LC,14.0833,-60.95,82.06,65,40,11.5,scattered clouds
642,Mbini,GQ,1.574,9.6134,80.64,80,81,5.3,broken clouds
643,Bhunya,SZ,-26.55,31.0167,64.13,95,97,3.65,light rain
644,Waingapu,ID,-9.6567,120.2641,78.15,83,94,3.91,overcast clouds
645,Qaqortoq,GL,60.7167,-46.0333,34.07,98,100,18.52,overcast clouds
646,Salisbury,GB,51.0693,-1.7957,43.81,98,75,12.66,light intensity drizzle
647,Diego De Almagro,CL,-26.3667,-70.05,84.72,27,0,15.43,clear sky
648,Balkhash,KZ,46.844,74.9804,-6.34,98,20,7.18,few clouds
649,Harper,LR,4.375,-7.7169,79.75,83,92,5.17,overcast clouds
650,Portree,GB,57.4129,-6.1942,42.53,89,100,7.65,overcast clouds
651,Stromness,GB,58.965,-3.296,44.56,87,6,10.0,clear sky
652,Songea,TZ,-10.6833,35.65,72.75,73,40,4.61,scattered clouds
653,Trat,TH,12.5,102.5,73.87,59,100,6.58,overcast clouds
654,Guiratinga,BR,-16.3494,-53.7583,82.0,68,81,3.33,heavy intensity rain
655,Malm,NO,64.0721,11.2172,40.78,94,100,11.7,overcast clouds
656,Sfantu Gheorghe,RO,45.8667,25.7833,30.92,77,9,4.03,clear sky
657,Doha,QA,25.2867,51.5333,67.89,77,0,14.97,clear sky
658,Cururupu,BR,-1.8283,-44.8683,75.94,93,100,2.86,overcast clouds
659,Janossomorja,HU,47.7862,17.136,36.19,77,100,3.02,overcast clouds
660,Kysyl-Syr,RU,63.8986,122.7617,-49.5,100,100,3.56,overcast clouds
661,San Vicente,AR,-26.6167,-54.1333,84.6,38,90,2.64,overcast clouds
662,Centenario Do Sul,BR,-22.8211,-51.5953,87.24,48,48,2.53,scattered clouds
663,Berlevag,NO,70.8578,29.0864,35.55,69,40,25.32,light snow
664,Lerwick,GB,60.1545,-1.1494,46.4,80,9,18.57,clear sky
665,Mnogovershinnyy,RU,53.9353,139.9242,-11.81,92,100,6.85,overcast clouds
666,Seoul,KR,37.5683,126.9778,18.84,74,100,6.91,light snow
667,Belaya Gora,RU,68.5333,146.4167,-37.28,100,38,1.99,scattered clouds
668,Mugumu,TZ,-1.85,34.7,64.09,73,76,2.26,broken clouds
669,Ulaanbaatar,MN,47.9077,106.8832,-29.07,68,0,2.24,clear sky
670,Energeticheskiy,KZ,43.4278,77.0222,3.76,92,40,2.24,fog
671,Burnie,AU,-41.0667,145.9167,56.95,78,9,11.41,clear sky
672,Burley,US,42.5357,-113.7928,27.3,86,100,4.61,overcast clouds
673,Moroni,KM,-11.7022,43.2551,80.74,87,62,17.65,broken clouds
674,Dukat,RU,62.55,155.55,-12.86,100,100,4.79,overcast clouds
675,Chara,RU,56.9064,118.2631,-24.5,82,99,1.88,overcast clouds
676,Harindanga,IN,22.0383,88.3214,70.41,68,5,5.01,clear sky
677,Muskogee,US,35.5834,-95.3336,38.55,87,100,10.36,overcast clouds
678,Cape Canaveral,US,28.4058,-80.6048,86.07,65,44,14.99,scattered clouds
679,Odweyne,SO,9.4092,45.064,67.91,64,67,1.81,broken clouds
680,Iquique,CL,-20.2208,-70.1431,78.84,73,67,5.91,broken clouds
681,Vrede,ZA,-27.4257,29.1659,57.43,89,30,11.34,scattered clouds
682,Sakaraha,MG,-22.9,44.5333,72.7,82,100,12.8,light rain
683,Aldan,RU,58.6031,125.3894,-33.88,97,100,4.65,overcast clouds
684,Kijang,KR,35.2442,129.2139,19.13,22,0,4.27,clear sky
685,Zavodskoy,RU,43.4597,132.2922,-22.41,76,4,0.0,clear sky
686,Upata,VE,8.0086,-62.3989,78.19,59,98,4.61,overcast clouds
687,Kaputa,ZM,-8.4689,29.6619,68.29,87,100,6.11,overcast clouds
688,Luchegorsk,RU,46.4764,134.2569,-35.97,100,12,1.41,few clouds
689,Oranjemund,NA,-28.55,16.4333,61.99,82,0,17.05,clear sky
690,Banjar,ID,-8.19,114.9675,76.91,90,100,5.12,overcast clouds
691,Batagay-Alyta,RU,67.8006,130.4114,-35.54,91,100,2.59,overcast clouds
692,Kyshtovka,RU,56.555,76.6271,14.36,91,100,13.13,overcast clouds
693,Fairhope,US,30.523,-87.9033,63.1,62,40,6.91,scattered clouds
694,Ornskoldsvik,SE,63.2909,18.7153,40.15,81,100,18.41,overcast clouds
695,Kulykiv,UA,50.3142,24.8176,33.67,66,100,5.44,overcast clouds
696,Koppies,ZA,-27.2418,27.5742,65.17,64,49,18.88,scattered clouds
697,North Bend,US,43.4065,-124.2243,52.07,93,0,0.0,clear sky
698,Aloleng,PH,16.1307,119.7824,73.04,66,25,11.41,scattered clouds
699,Kankaanpaa,FI,61.8,22.4167,38.16,99,100,7.25,overcast clouds
700,Bandundu,CD,-3.3167,17.3667,73.92,83,54,2.75,broken clouds
701,Alofi,NU,-19.0595,-169.9187,80.49,83,7,3.44,clear sky
